rank,composition,prototype_structure_type,space_group,db_id,db_url,ehull_meV_atom,ehull_numeric,band_gap_eV,band_gap_numeric,mobile_ion,anion_framework,reported_conductivity_mS_cm,migration_proxy_score,novelty_flag,rationale,source_urls
1,Na2.88Sb0.88W0.12S4,BCC/I-43m cubic (Na3SbS4 type),I-43m (No. 217),N/A (doped phase; parent mp-505347),https://www.nature.com/articles/s41467-019-13178-2,~10 (estimated from parent cubic phase stability),10,~2.5 (estimated; parent Na3SbS4 tetragonal ~2.2 eV GGA),2.5,Na+,"S2- (BCC-like, I-43m, 3D isotropic)",32,87.0,Known benchmark,Champion Na conductor (32 mS/cm). W5+ doping induces Na vacancies and stabilizes cubic BCC-like phase over tetragonal. 3D isotropic transport. Band gap below 3.5 eV threshold—limitation.,https://www.nature.com/articles/s41467-019-13178-2
2,Li6.6P0.4Ge0.6S5I,"Argyrodite-type (Ge/P substituted, F-43m-related)","F-43m (No. 216, disordered)","No DB entry; experimental, Juelich study",https://juser.fz-juelich.de/record/907891/files/Manuscript.pdf,~15 (estimated; I-rich argyrodite near hull),15,~2.6 (measured optical band gap ~2.5-2.8 for argyrodites),2.6,Li+,S2- with I- and mixed P/Ge (ccp-like argyrodite),2.9,87.0,"Novel candidate (Ge-substituted argyrodite, experimental synthesis demonstrated)",Ge4+ substitution at P5+ introduces extra Li (Li6.6). 2.9 mS/cm—highest in the study comparing Cl/I argyrodites and Ge/Si variants. I- provides large polarizable anion. Band gap slightly below 3.5 eV threshold. Practical synthesis demonstrated. Good template for further Ge loading.,https://juser.fz-juelich.de/record/907891/files/Manuscript.pdf
3,Li2.8In0.2Sc0.2Yb0.2Lu0.2Zr0.2Cl6,"High-entropy monoclinic C2/m (ccp Cl, stacking faults)","C2/m (No. 12), disordered","No DB entry; experimental, DOI:10.1038/s41467-024-45258-3",https://pmc.ncbi.nlm.nih.gov/articles/PMC10844219/,~20 (estimated; near-stable by ionic potential guidance),20,~5.0 (weighted average of constituent chlorides),5.0,Li+,"Cl- (ccp, monoclinic C2/m with configurational entropy-enhanced stacking faults)",2.13,86.0,"Novel candidate (high-entropy, underexplored multi-cation design)",High configurational entropy (5 M-cation species) promotes stacking faults and 3D diffusion vs. 2D in Li3InCl6. Ionic potential descriptor guides phase stability. 2.13 mS/cm > 1.27 mS/cm for Li3InCl6. Multiple additional HE compositions unexplored.,https://pmc.ncbi.nlm.nih.gov/articles/PMC10844219/
4,Li6PS5Cl0.5Br0.5,"Argyrodite (F-43m, mixed Cl/Br at X site)",F-43m (No. 216),No DB entry; proposed intermediate,https://pubs.rsc.org/en/content/articlelanding/2023/ya/d3ya00424d,~10 (interpolated Cl and Br endpoints 12.6 and 5.2 meV/atom),9,~2.75 (interpolated),2.75,Li+,S2- with mixed Cl/Br site disorder (ccp-like),~2-3 (estimated; intermediate between 1.3 Cl and 5.4 Br-rich),86.0,"Novel candidate (mixed argyrodite halide; pressure/disorder studies done, bulk synthesis optimization not fully reported)",Mixed Cl/Br at argyrodite X site introduces compositional disorder in addition to S/halide site disorder. Expected to yield ~2-3 mS/cm. Near-hull ~9 meV/atom. Pressure dependence of activation volume studies done but bulk synthesis optimization at this composition is not well covered in literature.,https://pubs.rsc.org/en/content/articlelanding/2023/ya/d3ya00424d
5,Li6PS5Br,"Argyrodite (F-43m cubic, Br/S site-disordered)",F-43m (No. 216),mp-985585,https://next-gen.materialsproject.org/materials/mp-985585,5.2 (VdW-corrected sym-broken),5.2,"~2.8 (estimated from optical/DFT, analogous to Cl)",2.8,Li+,S2- with Br-/S2- site disorder (ccp-like),1.5–5.36 (at high Br content in Li3YCl6-xBrx analogy),85.5,Known benchmark,Br/S disorder drives higher conductivity than Cl variant. E_hull 5.2 meV/atom (near-hull stable after VdW correction). Pressure studies show activation volume sensitivity.,https://pubs.rsc.org/en/content/articlelanding/2023/ya/d3ya00424d ; https://pubs.rsc.org/en/content/articlehtml/2025/ta/d4ta06603k
6,Na2.88Sb0.88Mo0.12S4,Cubic I-43m (BCC-like; W analogue using Mo),I-43m (No. 217),No DB entry; DFT/analog of W-doped compound,https://pubs.acs.org/doi/10.1021/acs.chemmater.0c02318,~15 (estimated from W-doped analogue),15,~2.5 (estimated; similar to W-doped),2.5,Na+,S2- (BCC-like cubic I-43m with MoS42- replacing part of SbS43-),>1 (predicted; DFT vacancies + cubic stabilization similar to W),85.0,"Novel candidate (Mo-doped analogue; W-doped synthesized, Mo unexplored)","Mo6+ can replace Sb5+ to introduce Na vacancies (charge compensation) and stabilize cubic BCC phase, analogously to W. Mo is more abundant than W. DFT study of W-doped confirms vacancy-driven concerted migration mechanism which should transfer to Mo. Band gap below threshold—shared limitation with Na3SbS4 family.",https://pubs.acs.org/doi/10.1021/acs.chemmater.0c02318 ; https://www.nature.com/articles/s41467-019-13178-2
7,Li6.25P0.75Si0.25S5I,Argyrodite-type (Si/P substituted),"F-43m (No. 216, disordered)","No DB entry; experimental, Juelich study",https://juser.fz-juelich.de/record/907891/files/Manuscript.pdf,~17 (estimated),17,~2.7 (estimated similar to Ge variant),2.7,Li+,"S2-/I- (argyrodite, Si at P site)",1.7,85.0,Novel candidate (Si-substituted argyrodite; experimental),Si4+ introduces Li+ excess (charge balance) boosting carrier density. 1.7 mS/cm confirmed experimentally. I- anion keeps bottleneck wide. Lower cost than Ge variant. Underexplored in terms of optimal Si content beyond x=0.25.,https://juser.fz-juelich.de/record/907891/files/Manuscript.pdf
8,"Na3SbSe3S (Na3SbSe3S1, x=1 in Na3SbSe4-xSx)",Cubic I-43m (BCC-like mixed Se/S),I-43m (No. 217),No DB entry; experimental solid solution,https://pmc.ncbi.nlm.nih.gov/articles/PMC6002371/,~12 (estimated interpolation cubic end members),12,~2.4 (slightly wider than pure Se),2.4,Na+,"Se/S mixed (BCC-like cubic, anion disorder)",~0.5 (measured; slightly lower than Se endpoint),84.5,Novel candidate (intermediate solid solution; exact x=1 underexplored),"Se/S solid solution allows tuning of lattice parameter and anion polarizability. Cubic BCC maintained at low S content. Mixed-anion disorder may create additional diffusion pathways. Band gap improves slightly over pure Se. Na3SbSe4-xSx family studied at x=0,1,2,3,4—intermediate compositions have room for optimization.",https://pmc.ncbi.nlm.nih.gov/articles/PMC6002371/
9,Na3PSe4,"Cubic (I-43m, BCC-like Se sublattice)",I-43m (No. 217),mp-29906 (est.),https://ceder.berkeley.edu/publications/2015_Bo_cubic_Na3PSe4.pdf,"~15 (estimated, metastable)",15,"~2.5 (GGA, larger with HSE)",2.5,Na+,"Se2- (BCC-like, I-43m, 3D)",0.1–1.16,84.0,Known benchmark,Cubic Se2- framework enables 3D fast Na+ diffusion. High Se polarizability lowers migration barriers. Defect-driven (Na vacancies needed). Band gap ~2.5 eV below threshold.,https://pmc.ncbi.nlm.nih.gov/articles/PMC6002371/
10,LiHfFCl4 (Li-stuffed variant),"LiMXCl4 non-close-packed (1D MX2Cl4 octahedral chains, Pnma-related)",Pnma or P1 (No. 62 or 2),Ceder group (2025 Matter); no public MP ID yet,https://ceder.berkeley.edu/publications/2025_KyuJung_Grace_LiMXCL4.pdf,"12.2 (r2SCAN, without competing Li2HfCl6); 32.2 (with)",22,>5 (F introduces larger gap than O analogues),5.5,Li+,"F/Cl mixed, non-close-packed; 1D vdW-bound chains with rotating octahedra","137.5 (AIMD extrapolation, Li-stuffed; stoich ~10-20)",84.0,"Novel candidate (AIMD prediction, experimental synthesis pending)",LiMXCl4 family exhibits soft-cradle effect: MX2Cl4 octahedral chains tilt in concert with Li hops. LiHfFCl4 Li-stuffed variant predicted 137.5 mS/cm—highest in family. F-for-O substitution widens electrochemical window. E_hull 12-32 meV/atom depending on competing phases. Synthesis feasibility not yet proven experimentally.,https://ceder.berkeley.edu/publications/2025_KyuJung_Grace_LiMXCL4.pdf ; https://kavli.berkeley.edu/publications/exploring-soft-cradle-effect-and-ionic-transport-mechanisms-limxcl4-superionic
11,Na3SbSe2S2,Cubic I-43m (BCC-like; mixed Se/S),I-43m (No. 217),No DB entry; hypothetical in Na3SbSe4-xSx series,https://pmc.ncbi.nlm.nih.gov/articles/PMC6002371/,~12 (estimated),12,~2.6 (wider than pure Se; narrower than pure S),2.6,Na+,"Se2-/S2- mixed (BCC-like cubic, anion site disorder)",~0.6 (estimated; intermediate in series with dual effects),84.0,Novel candidate (specific x=2 composition not fully characterized in series),"Intermediate Se/S ratio in Na3SbSe4-xSx. Series shows dual effects: lattice contraction (S) and bond weakening (Se). x=2 provides cubic structure (unlike tetragonal x=4) and mixed-anion disorder. Band gap better than pure Se. Potentially higher conductivity than intermediate x=1,3 due to optimized lattice + disorder.",https://pmc.ncbi.nlm.nih.gov/articles/PMC6002371/
12,Na3P0.62As0.38S4,Cubic I-43m (BCC-like; As at P site),I-43m (No. 217),No DB entry; experimental,https://www.frontiersin.org/journals/energy-research/articles/10.3389/fenrg.2020.00097/full,~15 (estimated; cubic phase near-hull),15,~2.8 (estimated; As widens gap vs. pure P analogue),2.8,Na+,"S2- (BCC-like cubic, mixed AsS43-/PS43- units)",1.46 (experimental optimum),84.0,"Known but underexplored (optimal composition, limited follow-up)",As5+ (larger than P5+) expands unit cell and reduces Na-S barriers. Optimal at x=0.38 from dual effect of cell expansion and Na-S bond length. Cubic I-43m structure maintained. 1.46 mS/cm exceeds undoped cubic Na3PS4. Limited follow-up in literature. Base for Se co-substitution.,https://www.frontiersin.org/journals/energy-research/articles/10.3389/fenrg.2020.00097/full
13,Li2Sm2/3Cl4,"Halospinel (cubic, spinel-like Li2M2/3Cl4)","Fd-3m (No. 227, spinel)",No public synthesis; DFT prediction DOI:10.1021/acs.jpcc.2c02511,https://pubs.acs.org/doi/abs/10.1021/acs.jpcc.2c02511,<30 (estimated; cubic spinel stabilized by Sm3+),25,4.26,4.26,Li+,"Cl- (cubic spinel, 3D isotropic BCC-like Li sublattice)",15.3 (AIMD predicted),83.5,"Novel candidate (DFT prediction, no experimental synthesis reported)",Halospinel structure: cubic symmetry enables 3D isotropic Li diffusion. Sm3+ in M2/3 sites. Predicted 15.3 mS/cm and Ea <0.20 eV from AIMD. Band gap 4.26 eV meets >3.5 eV threshold. Activation energy 0.195 eV. No experimental synthesis yet—high-priority target.,https://pubs.acs.org/doi/abs/10.1021/acs.jpcc.2c02511
14,Na3GdBr3I3,Monoclinic C2/m (ccp Br/I mix),C2/m (No. 12),"No DB entry; DFT, DOI:10.1039/D2TA05158C",https://pubs.rsc.org/en/content/getauthorversionpdf/D2TA05158C,<30 (estimated from constituent stability),25,~4 (estimated; Gd-Br/I framework),4.0,Na+,"Br/I mixed (ccp, C2/m monoclinic, Br/I site disorder)",7.5 (AIMD predicted),83.0,Novel candidate (DFT prediction; Na halides far less studied than Li halides),Mixed Br/I anion in C2/m monoclinic structure (same as Li3InCl6 topology but for Na). 7.5 mS/cm at 300 K predicted—highest in Na3MX6 series studied. Ea 0.21 eV. The Gd-I6 analogue gives 0.59 mS/cm; Br3I3 mix gives 13x improvement via disorder and bottleneck tuning. Na halide electrolytes remain far less explored than Li analogues.,https://pubs.rsc.org/en/content/getauthorversionpdf/D2TA05158C
15,Na3SbSe4,Cubic I-43m (BCC-like Se sublattice),I-43m (No. 217),mp-1071945 (est.),https://pmc.ncbi.nlm.nih.gov/articles/PMC6002371/,~10 (estimated; cubic BCC phase near-stable),10,~2.2 (GGA est.; Se-based framework),2.2,Na+,"Se2- (BCC-like I-43m, 3D isotropic, highly polarizable)",0.85,83.0,Known (lightly explored),Highest polarizability Se2- lowers Na-anion interaction energy. Cubic BCC structure enables 3D symmetric diffusion (low Ea 0.17 eV). Band gap ~2.2 eV below threshold—limitation for high-voltage use. Unit cell expansion vs. Na3PS4 is key. Base for S/Se solid solution tuning.,https://pmc.ncbi.nlm.nih.gov/articles/PMC6002371/
16,Na3SbS3.75Se0.25,Cubic I-43m (BCC-like; Se-doped Na3SbS4),I-43m (No. 217),No DB entry; experimental Wan et al. 2019,https://www.frontiersin.org/journals/energy-research/articles/10.3389/fenrg.2020.00097/full,~10 (estimated; near-hull cubic),10,~2.6 (estimated; slight Se widening),2.6,Na+,"S2-/Se2- (BCC-like cubic, minimal amorphous phase)",4.03,83.0,Known (underexplored synthesis optimization routes),Small Se content reduces amorphous phase content while maintaining cubic BCC structure. 4.03 mS/cm—highest in Na3SbS4 doping series besides W-doped variant. Small Se amount is practically feasible. Band gap marginal at ~2.6 eV.,https://www.frontiersin.org/journals/energy-research/articles/10.3389/fenrg.2020.00097/full
17,Li6PS5Cl,"Argyrodite (F-43m cubic, site-disordered)",F-43m (No. 216),mp-985592,https://next-gen.materialsproject.org/materials/mp-985592,"90 (MP, PBE); 12.6 (VdW-corrected, sym-broken)",12.6,2.7 (HSE06),2.7,Li+,S2- with Cl-/S2- site disorder (ccp-like),1.3–2.2,82.5,Known benchmark,Quintessential argyrodite; Cl/S site disorder drives high conductivity. Metastable by ~13–90 meV/atom depending on functional/corrections. Band gap 2.7 eV is below ideal >3.5 eV threshold.,https://pubs.rsc.org/en/content/articlehtml/2025/ta/d4ta06603k ; https://juser.fz-juelich.de/record/907891/files/Manuscript.pdf
18,Li2.7In0.7Hf0.3Cl6,Monoclinic C2/m (ccp Cl sublattice),C2/m (No. 12),"No DB entry; experimental, DOI:10.1021/acsami.2c21022",https://pubs.acs.org/doi/10.1021/acsami.2c21022,"<25 (near-stable, Hf concentration 0.1-0.5 reported stable)",20,"~5.0 (In-Hf-Cl framework, estimated)",5.0,Li+,"Cl- (ccp, monoclinic C2/m layers with Li/In cation disorder)",1.28,82.5,Novel candidate (synthesized but underexplored in literature),Low Hf content (x=0.3) enhances conductivity 28% over Li3InCl6 without sacrificing stability window (2.68-4.22 V). Aliovalent substitution creates extra Li vacancies. ccp Cl sublattice with monoclinic C2/m. Excellent candidate for further optimization x=0.2-0.5.,https://pubs.acs.org/doi/10.1021/acsami.2c21022
19,LiZrFCl4,"LiMXCl4 non-close-packed (1D chains, Pnma-related)",Pnma or P1 (est.),Ceder group (2025 Matter); no public MP ID,https://ceder.berkeley.edu/publications/2025_KyuJung_Grace_LiMXCL4.pdf,"23.7 (r2SCAN, without Li2ZrCl6); 38 (with)",31,>5 (F-Cl blend; Zr wide-gap d0),5.5,Li+,"F/Cl mixed, non-close-packed",10-100 (projected from MNC analysis),82.5,"Novel candidate (DFT prediction, no synthesis report yet)",Zr-analogue of LiHfFCl4. Zr is more earth-abundant. E_hull ~24-38 meV/atom (r2SCAN). Fluorination widens electrochemical window vs. LiZrOCl4. Soft-cradle octahedral tilting mechanism. High conductivity predicted.,https://ceder.berkeley.edu/publications/2025_KyuJung_Grace_LiMXCL4.pdf
20,Na3YBr3I3,Monoclinic C2/m (ccp Br/I mix),C2/m (No. 12),"No DB entry; DFT, DOI:10.1039/D2TA05158C",https://pubs.rsc.org/en/content/getauthorversionpdf/D2TA05158C,<30 (estimated),28,~4.2 (estimated Y-Br/I),4.2,Na+,"Br/I mixed (ccp C2/m, disorder-enhanced)",3.3 (AIMD predicted),81.5,Novel candidate (DFT prediction),Y analogue of GdBr3I3. 3.3 mS/cm predicted. Br/I disorder critical for mS/cm range. Y is more abundant and cheaper than Gd. C2/m structure with 3D Na+ pathways. Unexplored experimentally.,https://pubs.rsc.org/en/content/getauthorversionpdf/D2TA05158C
21,LiNbOCl4,LiMXCl4 non-close-packed (NbO2Cl4 octahedral chains),Pnma (No. 62) or I4/m (No. 87) - conflicting literature,No public MP entry (novel phase),https://ceder.berkeley.edu/publications/2025_KyuJung_Grace_LiMXCL4.pdf,18.5 (r2SCAN),18.5,>4 (estimated; Nb5+ d0),4.5,Li+,"O/Cl mixed, non-close-packed 1D chains",10.7–12.4 (experimental),81.0,Recently discovered benchmark (experimental 2024),Experimentally confirmed 12.4 mS/cm. Non-close-packed structure with vdW-bound NbO2Cl4 chains—liquid-like conduction mechanism. E_hull 18.5 meV/atom (r2SCAN). Base for LiMXCl4 family.,https://ceder.berkeley.edu/publications/2025_KyuJung_Grace_LiMXCL4.pdf ; https://kavli.berkeley.edu/publications/exploring-soft-cradle-effect-and-ionic-transport-mechanisms-limxcl4-superionic
22,LiTaOCl4,LiMXCl4 non-close-packed (TaO2Cl4 chains),Pnma (est.),No public MP entry,https://ceder.berkeley.edu/publications/2025_KyuJung_Grace_LiMXCL4.pdf,19.4 (r2SCAN),19.4,">4 (Ta5+ d0, estimated)",4.5,Li+,"O/Cl mixed, non-close-packed 1D chains","12.4 (experimental), 62 (AIMD stoich)",81.0,Recently discovered benchmark (experimental 2024),Ta analogue; experimental 12.4 mS/cm confirmed. AIMD stoichiometric predicts 62 mS/cm. Very low activation energy 0.18 eV. Non-close-packed soft-cradle mechanism.,https://ceder.berkeley.edu/publications/2025_KyuJung_Grace_LiMXCL4.pdf
23,Li3In0.5Sc0.5Cl6,Monoclinic C2/m (ccp Cl; tuned ionic potential),"C2/m (No. 12, predicted)",No DB entry; hypothetical,https://pmc.ncbi.nlm.nih.gov/articles/PMC10844219/,<25 (estimated; In3+ stabilizes ccp),22,~5.2 (weighted In+Sc chlorides),5.2,Li+,"Cl- (ccp, monoclinic C2/m)",>1 (predicted; In maintains ccp; Sc tunes bottleneck),80.5,Novel candidate (hypothetical; single cation endpoint Li3InCl6 and Li3ScCl6 known),In3+ forces ccp Cl sublattice enabling mS/cm conductivity. Partial Sc3+ substitution retunes interlayer spacings and bottleneck size. High-entropy concept applied to 2-cation system. Lower cost than In-only. Band gap >5 eV.,https://pmc.ncbi.nlm.nih.gov/articles/PMC10844219/ ; https://www.eng.uwo.ca/nanoenergy/publications/2020/pdf/Xiaona-2020-Nano-letter.pdf
24,Na3GdBr2I4 (Br2I4 mix tuned to C2/m),Monoclinic C2/m (ccp mixed Br/I),C2/m (No. 12),Hypothetical; no DB entry,https://pubs.rsc.org/en/content/getauthorversionpdf/D2TA05158C,<35 (estimated interpolation Na3GdBr6 and Na3GdI6),28,"~3.8 (estimated I-dominant, wider than pure iodide)",3.8,Na+,Br/I mixed (ccp C2/m; composition between Br3I3 and full I6 to optimize disorder+gap),~5 (extrapolated between Na3GdI6 0.59 and Na3GdBr3I3 7.5),80.5,Novel candidate (hypothetical mixed Br/I beyond studied compositions),"By tuning Br:I ratio in Na3GdBrxI6-x (x=2 vs x=3 studied), conductivity can be optimized while maintaining C2/m structure. x=2 provides wider band gap (>3.5 eV threshold) vs. x=3 (too I-rich, small gap). Novel composition at Br2I4 stoichiometry unexplored.",https://pubs.rsc.org/en/content/getauthorversionpdf/D2TA05158C
25,Li6PS5I,Argyrodite (sym-broken from F-43m),Cm (distorted argyrodite),mp-985591,https://next-gen.materialsproject.org/materials/mp-985591,"0 (sym-broken VdW-corrected, on hull)",0.0,~2.5 (estimated),2.5,Li+,S2- with I-/S2- disorder,0.3–0.6 (lower than Cl/Br due to I ordering),79.5,Known benchmark,Thermodynamically most stable argyrodite (0 meV/atom hull). I ordering reduces conductivity vs Br analogue. Polarizable I2- beneficial but ordering is key challenge.,https://pubs.rsc.org/en/content/articlehtml/2025/ta/d4ta06603k
26,Li3Er0.5Sc0.5Cl6,Monoclinic C2/m (ccp Cl; mixed Er/Sc cation disorder),"C2/m (No. 12, predicted)","No DB entry; hypothetical, based on ionic potential prediction",https://pubs.acs.org/doi/abs/10.1021/acs.chemmater.1c00555,<35 (estimated from constituent stability),30,~5.5 (Er/Sc chlorides both wide-gap),5.5,Li+,Cl- (ccp predicted; Er/Sc ionic potential tuning drives ccp preference),>1 (predicted from ionic potential analysis; ccp should yield ~mS/cm range),79.5,Novel candidate (hypothetical; no synthesis reported),Er3+ and Sc3+ have similar ionic radii. Mixed cation at M-site should promote ccp Cl stacking over hcp (analogous to Y1-xInxCl6 series). ccp sublattice is key for >1 mS/cm. Novel composition—literature shows Li3MCl6 for pure Er or Sc but not mixed. Ionic potential between 2.7-3.5 suggests C2/m phase.,https://pubs.acs.org/doi/abs/10.1021/acs.chemmater.1c00555 ; https://www.eng.uwo.ca/nanoenergy/publications/2020/pdf/Xiaona-2020-Nano-letter.pdf
27,Li3YCl1.5Br4.5,"Trigonal/mixed-halide LYCB (P-3m1, hcp-like)",P-3m1 or distorted (No. 164),No DB entry; comp. hypothesis based on arXiv:2510.09861,https://arxiv.org/abs/2510.09861,~25 (interpolated from LYCB endpoints),25,~5.3 (interpolated Cl/Br mix),5.3,Li+,"Cl/Br mixed anion (hcp-like, disorder-enhanced)",5.36 (experimental peak at x~4.5 in Li3YCl6-xBrx series),79.0,Novel candidate (underexplored exact composition),Systematic ML-MD and experiments show maximum conductivity in Li3YCl6-xBrx at x≈4.5. Cl/Br site disorder significantly expands diffusion pathways versus pure endpoints. Band gap ~5.3 eV exceeds threshold. Composition is underexplored beyond endpoints.,https://arxiv.org/abs/2510.09861 ; https://pubmed.ncbi.nlm.nih.gov/30216562/
28,Li3In0.5Er0.5Cl6,Monoclinic C2/m (ccp Cl; In stabilizes ccp),C2/m (No. 12),No DB entry; hypothetical,https://www.sciencedirect.com/science/article/abs/pii/S221128552401187X,<30 (estimated; In3+ drives ccp; Er3+ lanthanide stable),25,~5.0 (In+Er chlorides both wide-gap),5.0,Li+,"Cl- (ccp, monoclinic C2/m)",>1 (predicted; In drives ccp which enables mS/cm),79.0,Novel candidate (no literature precedent for In-Er mixed chloride),In3+ forces ccp Cl sublattice (essential for high conductivity). Er3+ lanthanide provides additional cation site disorder. Li3MCl6 for pure Er (P-3c1) has low conductivity. Mixing In+Er retunes structure toward ccp. Analogous strategy proved successful for Y1-xInxCl6 reaching ~1 mS/cm at x≥0.5.,https://www.sciencedirect.com/science/article/abs/pii/S221128552401187X ; https://www.eng.uwo.ca/nanoenergy/publications/2020/pdf/Xiaona-2020-Nano-letter.pdf
29,Li3InCl6,"Layered monoclinic (C2/m, ccp Cl sublattice)",C2/m (No. 12),mp-1221060,https://next-gen.materialsproject.org/materials/mp-1221060,<25 (near-stable),20,5.0,5.0,Li+,"Cl- (ccp, monoclinic C2/m layers)",1.0–2.0,77.5,Known benchmark,"Water-synthesizable halide. 2D layered diffusion in LiCl2 slabs, some 3D character. Band gap 5 eV. ccp Cl sublattice with Li/In cation disorder.",https://www.eng.uwo.ca/nanoenergy/publications/2019/pdf/Sun_et_al-2019-Angewandte_Chemie_International_Edition1.pdf ; https://pubs.acs.org/doi/10.1021/acsami.4c04396
30,"Li3-xY1-xHfxCl6 (x=0.3, i.e. Li2.7Y0.7Hf0.3Cl6)",Trigonal/monoclinic (structural transition hcp->ccp with Hf),P-3m1 to C2/m transition region,No DB entry; experimental data in DOI:10.1039/d3ta02781c,https://pubs.rsc.org/en/content/articlelanding/2023/ta/d3ta02781c,<30 (estimated near-stable),25,"~5.5 (estimated, Hf-Cl bonds widen gap)",5.5,Li+,"Cl- (hcp/ccp transition, Hf4+ aliovalent Li-vacancy creation)","1.49 (at x=0.3, peak of Li3-xY1-xHfxCl6 series)",77.5,"Novel candidate (experimentally identified peak composition, underexplored structure detail)",Aliovalent Hf4+ substitution on Y3+ site creates Li vacancies and increases conductivity to 1.49 mS/cm. BVEL calculations confirm improved Li-ion pathways. Near-hull stable. Excellent band gap estimate. Mixed ccp/hcp character warrants further exploration.,https://pubs.rsc.org/en/content/articlelanding/2023/ta/d3ta02781c
31,Li3InI6,"Monoclinic (C2/c, ccp I sublattice)",C2/c (No. 15),No synthesis; computational USPEX,https://uspex-team.org/static/file/Dallakyan2026_JEC_Li3MX6.pdf,4,4,2.5,2.5,Li+,"I- (ccp, large polarizable anion—wide bottleneck)",2.18 (AIMD predicted),76.5,"Novel candidate (computed, potential synthesis route via InI3 + LiI)",Near-hull at 4 meV/atom—thermodynamically very stable. Large I- anion widens bottleneck. However band gap 2.5 eV is below 3.5 eV threshold (stability concern). Narrow electrochemical window (~0.7 V) limits utility. Best used as anode-side or mixed-halide component.,https://uspex-team.org/static/file/Dallakyan2026_JEC_Li3MX6.pdf
32,Li3Y0.5In0.5Cl6,"Trigonal (P-3m1, ccp onset with In)","P-3m1 (No. 164, partially ccp)","No DB entry; experimental, UWO Nano Letters 2020",https://www.eng.uwo.ca/nanoenergy/publications/2020/pdf/Xiaona-2020-Nano-letter.pdf,<30 (estimated),25,~5.5 (interpolated Y+In chlorides),5.5,Li+,Cl- (hcp-to-ccp transition zone at x=0.5 In content),~1 (conductivity near transition; increases with In content toward 1.7 at x=0.9),73.5,Known (lightly explored); underexplored in humidity/synthesis optimization,Y1-xInxCl6 solid solution undergoes hcp->ccp structural transition at x≈0.3-0.5. Conductivity jumps from 6×10-5 (pure Y) to ~1 mS/cm once ccp achieved. x=0.5 is in the transition zone. Humidity tolerance strongly improved vs. pure In.,https://www.eng.uwo.ca/nanoenergy/publications/2020/pdf/Xiaona-2020-Nano-letter.pdf
33,Li2ZrBiCl6 (approx. Li2.5Zr0.5Bi0.5Cl6),Hexagonal/trigonal (Bi3+-doped LZC framework),"P-3m1 (No. 164, modified by Bi)",No DB entry; DFT prediction doi:pkusam Bi-doped LZC,https://www.pkusam.com/uploads/upload/files/20251120/4c2aa6fc6acad72faac0f4679c57bda8.pdf,<40 (estimated; Bi3+ introduces tetrahedral Li at vacancies),35,">5 (Zr-Bi-Cl, d0 metals)",5.0,Li+,Cl- (hcp but Bi-doping adds tetrahedral Li sites),10.93 (AIMD predicted for Bi-doped LZC),72.5,"Novel candidate (AIMD prediction, no experimental synthesis confirmed)",Bi3+ substitution on Zr4+ introduces tetrahedral Li sites plus additional Li concentration. AIMD predicts 10.93 mS/cm with Ea 241 meV. Cooperative short-to-long range Li-Li migration demonstrated. Low-cost Zr base. 50% Br substitution further smooths energy landscape (tested computationally).,https://www.pkusam.com/uploads/upload/files/20251120/4c2aa6fc6acad72faac0f4679c57bda8.pdf
34,Na11Sn2PS12,Tetragonal (I41/acd; LISICON-related),I41/acd (No. 142),mp-1104455 (est.),https://www.frontiersin.org/journals/energy-research/articles/10.3389/fenrg.2020.00097/full,<30 (near-stable; synthesized experimentally),20,~3 (estimated; Sn4+/P5+-S2- framework),3.0,Na+,"S2- (tetragonal, 3D Na+ channels, connected Na sublattice)",1.4 (reported experimental),72.5,Known but underexplored (Na analogue of thio-LISICON),"Na11Sn2PS12 has tetragonal structure with interconnected Na+ pathways (3D). 1.4 mS/cm experimentally. Sn/P disorder in tetrahedral sites. Band gap ~3 eV is marginal at threshold. Promising template for substitution (Ge, Pb at Sn site; As at P site).",https://www.frontiersin.org/journals/energy-research/articles/10.3389/fenrg.2020.00097/full
35,Li10GeP2S12,Thio-LISICON (P42/nmc tetragonal),P42/nmc (No. 137),mp-696128,https://next-gen.materialsproject.org/materials/mp-696128,"~25 (metastable, PBE+GGA)",25,3.6 (HSE06),3.6,Li+,"S2- (non-BCC thio-LISICON, 1D channels)",12,72.0,Known benchmark,Record sulfide conductor. 1D Li channels along c-axis. Metastable ~25 meV/atom. Band gap 3.6 eV meets threshold. Narrow electrochemical window limits anode compatibility.,https://ceder.berkeley.edu/publications/YiFei_Lithium_Conductor.pdf
36,Na7P3Se11,Triclinic/monoclinic (P-7P3S11-analog with Se),P1 or P21/c (estimated),No DB entry; predicted,https://www.frontiersin.org/journals/energy-research/articles/10.3389/fenrg.2020.00097/full,~20 (estimated; Se analog of Na7P3S11),20,"~2.5 (estimated; Se-based, lower than S)",2.5,Na+,"Se2- (polyanion framework, P2Se64- + PSe43- units)",>10 (predicted via first-principles for Se analogue),71.5,Novel candidate (Na7P3Se11 is hypothetical; Na7P3S11 ~10 mS/cm known),Na7P3S11 predicted >10 mS/cm by Wang et al. Full Se substitution should further increase bottleneck size and reduce barriers due to higher Se polarizability. Triclinic structure with glass-forming tendency—amorphous phases may also be superionic. High-priority synthetic target.,https://www.frontiersin.org/journals/energy-research/articles/10.3389/fenrg.2020.00097/full
37,Li3YBr6,"Trigonal (P-3m1, hcp Br sublattice)",P-3m1 (No. 164),mp-1222939 (est.),https://next-gen.materialsproject.org/materials/mp-1222939,<30 (estimated),25,5.1,5.1,Li+,Br- (hcp),1.7,69.5,Known benchmark,Br analogue of YCl6. Larger Br anion increases bottleneck size. Band gap 5.1 eV. Basis for YClxBr6-x mixed-halide series peaking near x=4.5.,https://pubmed.ncbi.nlm.nih.gov/30216562/ ; https://arxiv.org/abs/2510.09861
38,Li3ScCl6,Trigonal/monoclinic (structural competition hcp/ccp),P-3m1 or C2/m (dependent on synthesis),mp-1018127 (est.),https://pubs.acs.org/doi/abs/10.1021/acs.jpcc.2c02511,"<30 (estimated, analogous to YCl6)",25,"~5.5 (Sc-Cl, d0 Sc3+)",5.5,Li+,Cl- (hcp or ccp depending on phase),~0.5–1 (estimated; Li2Sc2/3Cl4 halospinel ~0.26-1),68.5,Known but underexplored (vs. In and Y analogues),Sc3+ smaller ionic radius than In3+/Y3+. Potentially ccp structure at certain synthesis conditions. Band gap ~5.5 eV excellent. Sc abundance moderate. Underexplored relative to In and Y in aliovalent substitution series.,https://pubs.acs.org/doi/abs/10.1021/acs.jpcc.2c02511 ; https://www.sciencedirect.com/science/article/abs/pii/S221128552401187X
39,Li3YCl6,"Trigonal (P-3m1, hcp Cl sublattice)",P-3m1 (No. 164),mp-1222932,https://next-gen.materialsproject.org/materials/mp-1222932,near-stable (<30 estimated),25,6.1,6.1,Li+,"Cl- (hcp, anisotropic 1D-dominant diffusion)",0.51–1.0,66.5,Known benchmark,Trigonal hcp Cl sublattice; anisotropic 1D diffusion. Band gap 6.1 eV excellent. Lower conductivity than InCl6 analogue due to hcp packing. Basis for Y1-xInxCl6 solid solutions.,https://pubmed.ncbi.nlm.nih.gov/30216562/ ; https://pubs.acs.org/doi/10.1021/acsaem.4c01249
40,Na0.7Zr0.3La0.7Cl4,LaCl3-type (hexagonal UCl3 derivative),P63/m (No. 176),No DB entry; experimental (from Na3MCl6 halide catholyte study),https://pubs.rsc.org/en/content/getauthorversionpdf/D2TA05158C,<40 (estimated; Zr-La-Cl framework),35,~5.0 (La-Cl wide gap),5.0,Na+,"Cl- (hexagonal, LaCl3-type 1D channels)",~1 (estimated; Zr-doped LaCl3-type),63.5,Novel candidate (Na-Zr-La-Cl system; experimental in battery cells but conductivity undercharacterized),LaCl3-type structure with Zr doping creates Na vacancies. Used as catholyte in NaCrO2||Na0.7Zr0.3La0.7Cl4||Na3PS4||Na2Sn cells—88% retention after 70 cycles. Band gap ~5 eV excellent. Na halide catholytes are strongly underexplored vs. Li halide catholytes.,https://pubs.rsc.org/en/content/getauthorversionpdf/D2TA05158C
41,Na2Zr0.7La0.3Cl6,"Trigonal/monoclinic (Na halide, Zr-La Cl sublattice)",P21/n or R-3 (monoclinic/trigonal),No DB entry; based on Na3-xM1-xZrxCl6 concept,https://pubs.rsc.org/en/content/getauthorversionpdf/D2TA05158C,<40 (estimated),35,~5.0 (estimated; Na-Zr-La-Cl),5.0,Na+,"Cl- (trigonal/monoclinic, Zr4+ creates Na vacancies)",~0.5 (estimated; Zr doping expands Na migration pathway per DFT),63.5,"Novel candidate (Na-halide Zr-La mixed, based on experimental Na3-xM1-xZrxCl6 design)",Zr4+ doping at La3+ site expands Na-ion migration pathways in LaCl3-type hexagonal framework. Na vacancy creation analogous to Li3-xY1-xHfxCl6 strategy. Band gap >5 eV. Na halide electrolytes with Zr doping are underexplored relative to Li analogues.,https://pubs.rsc.org/en/content/getauthorversionpdf/D2TA05158C
42,Li2HfCl6,"Trigonal (P-3m1, hcp Cl; Hf4+ analogue of Zr)",P-3m1 (No. 164),No public synthesis report; cited in Ceder 2025 LiMXCl4 paper,https://ceder.berkeley.edu/publications/2025_KyuJung_Grace_LiMXCL4.pdf,<30 (competing phase for LiHfFCl4 E_hull calculations),25,">5 (Hf4+ d0, wider than Zr analogue)",5.5,Li+,"Cl- (hcp, anisotropic 1D-dominant like Li2ZrCl6)",~0.2–0.5 (estimated by analogy with LZC),63.0,Novel candidate (cited as known phase in DFT phase diagrams; no direct conductivity study found),Hf4+ has essentially same ionic radius and charge as Zr4+ but heavier mass and potentially wider band gap. Li2HfCl6 expected similar hcp structure to Li2ZrCl6 but with wider electrochemical window. No conductivity study found in literature—gap to fill.,https://ceder.berkeley.edu/publications/2025_KyuJung_Grace_LiMXCL4.pdf
43,Li3InF6,"Trigonal (P-3c1, hcp F sublattice)",P-3c1 (No. 165),No synthesis; computational DOI: Dallakyan2026 USPEX,https://uspex-team.org/static/file/Dallakyan2026_JEC_Li3MX6.pdf,9,9,5.0,5.0,Li+,"F- (hcp, very small anion—narrow bottleneck)",0.55 (AIMD predicted),61.5,"Novel candidate (computed, no synthesis)","Near-hull stability (9 meV/atom). Wide band gap 5 eV. Small F- anion restricts bottleneck width, lowering conductivity vs. Cl. Good electrochemical window ~4 V. Interesting for cathode-facing layers where oxidative stability is critical.",https://uspex-team.org/static/file/Dallakyan2026_JEC_Li3MX6.pdf
44,Li2ZrCl6,"Trigonal (P-3m1, hcp Cl sublattice)",P-3m1 (No. 164),mp-769729 (est.),https://next-gen.materialsproject.org/materials/mp-769729,<40 (near-stable),35,">5 (estimated, Zr-Cl framework)",5.2,Li+,"Cl- (hcp, 1D anisotropic)",0.44 (mechanochemical); 0.64 (S-doped),60.5,Known benchmark,Low-cost Zr-based halide. hcp 1D anisotropic transport. Bi-doping raises conductivity to >10 mS/cm (AIMD). S-doping improves to 0.64 mS/cm experimentally.,https://pubmed.ncbi.nlm.nih.gov/36282965/ ; https://www.uni-ulm.de/fileadmin/website_uni_ulm/nawi.inst.250/publications/BatteriesSupercaps_8_e202500378_2025.pdf
